,plddt,ptm,pdb_path,model,cluster,cluster_size,TMscore_mesoricin4
0,0.859653547,0.030058356,mesoricin4_b6c6e/pdb/model_1_ptm_cluster0_r0_seed0.pdb,model_1_ptm,0,38,0.6125
1,0.885447815,0.030466687,mesoricin4_b6c6e/pdb/model_2_ptm_cluster0_r0_seed0.pdb,model_2_ptm,0,38,0.7604
2,0.916653201,0.032837275,mesoricin4_b6c6e/pdb/model_3_ptm_cluster0_r0_seed0.pdb,model_3_ptm,0,38,0.6556
3,0.908342279,0.032123115,mesoricin4_b6c6e/pdb/model_4_ptm_cluster0_r0_seed0.pdb,model_4_ptm,0,38,0.714
4,0.857429534,0.030335972,mesoricin4_b6c6e/pdb/model_5_ptm_cluster0_r0_seed0.pdb,model_5_ptm,0,38,0.6377
5,0.838670045,0.029701853,mesoricin4_b6c6e/pdb/model_1_ptm_cluster1_r0_seed0.pdb,model_1_ptm,1,6,0.6145
6,0.881262757,0.031449661,mesoricin4_b6c6e/pdb/model_2_ptm_cluster1_r0_seed0.pdb,model_2_ptm,1,6,0.7119
7,0.904170863,0.032095961,mesoricin4_b6c6e/pdb/model_3_ptm_cluster1_r0_seed0.pdb,model_3_ptm,1,6,0.6961
8,0.892895624,0.031378314,mesoricin4_b6c6e/pdb/model_4_ptm_cluster1_r0_seed0.pdb,model_4_ptm,1,6,0.7741
9,0.863682911,0.030722022,mesoricin4_b6c6e/pdb/model_5_ptm_cluster1_r0_seed0.pdb,model_5_ptm,1,6,0.5728
10,0.884300284,0.032983821,mesoricin4_b6c6e/pdb/model_1_ptm_cluster2_r0_seed0.pdb,model_1_ptm,2,5,0.7488
11,0.900606722,0.032433257,mesoricin4_b6c6e/pdb/model_2_ptm_cluster2_r0_seed0.pdb,model_2_ptm,2,5,0.8038
12,0.901602201,0.032579821,mesoricin4_b6c6e/pdb/model_3_ptm_cluster2_r0_seed0.pdb,model_3_ptm,2,5,0.753
13,0.910765581,0.032643616,mesoricin4_b6c6e/pdb/model_4_ptm_cluster2_r0_seed0.pdb,model_4_ptm,2,5,0.7883
14,0.899612159,0.034085359,mesoricin4_b6c6e/pdb/model_5_ptm_cluster2_r0_seed0.pdb,model_5_ptm,2,5,0.71
15,0.872943953,0.03080103,mesoricin4_b6c6e/pdb/model_1_ptm_cluster3_r0_seed0.pdb,model_1_ptm,3,10,0.6327
16,0.885168098,0.031215608,mesoricin4_b6c6e/pdb/model_2_ptm_cluster3_r0_seed0.pdb,model_2_ptm,3,10,0.7614
17,0.899698645,0.032564338,mesoricin4_b6c6e/pdb/model_3_ptm_cluster3_r0_seed0.pdb,model_3_ptm,3,10,0.6376
18,0.904843882,0.031235255,mesoricin4_b6c6e/pdb/model_4_ptm_cluster3_r0_seed0.pdb,model_4_ptm,3,10,0.7783
19,0.903448306,0.032440946,mesoricin4_b6c6e/pdb/model_5_ptm_cluster3_r0_seed0.pdb,model_5_ptm,3,10,0.8019
20,0.873765066,0.031218611,mesoricin4_b6c6e/pdb/model_1_ptm_cluster4_r0_seed0.pdb,model_1_ptm,4,3,0.6778
21,0.893143907,0.032212961,mesoricin4_b6c6e/pdb/model_2_ptm_cluster4_r0_seed0.pdb,model_2_ptm,4,3,0.7235
22,0.917669721,0.032809343,mesoricin4_b6c6e/pdb/model_3_ptm_cluster4_r0_seed0.pdb,model_3_ptm,4,3,0.723
23,0.89427416,0.031680882,mesoricin4_b6c6e/pdb/model_4_ptm_cluster4_r0_seed0.pdb,model_4_ptm,4,3,0.7217
24,0.868697941,0.031643983,mesoricin4_b6c6e/pdb/model_5_ptm_cluster4_r0_seed0.pdb,model_5_ptm,4,3,0.679
25,0.862931654,0.030332107,mesoricin4_b6c6e/pdb/model_1_ptm_cluster5_r0_seed0.pdb,model_1_ptm,5,3,0.6137
26,0.891616404,0.032717917,mesoricin4_b6c6e/pdb/model_2_ptm_cluster5_r1_seed0.pdb,model_2_ptm,5,3,0.8331
27,0.891616404,0.032717917,mesoricin4_b6c6e/pdb/model_2_ptm_cluster5_r1_seed0.pdb,model_2_ptm,5,3,0.8331
28,0.91323632,0.032895729,mesoricin4_b6c6e/pdb/model_3_ptm_cluster5_r0_seed0.pdb,model_3_ptm,5,3,0.6689
29,0.898988813,0.031982929,mesoricin4_b6c6e/pdb/model_4_ptm_cluster5_r0_seed0.pdb,model_4_ptm,5,3,0.7359
30,0.896030992,0.033588082,mesoricin4_b6c6e/pdb/model_5_ptm_cluster5_r0_seed0.pdb,model_5_ptm,5,3,0.7815
31,0.931790479,0.034784641,mesoricin4_b6c6e/pdb/model_1_ptm_cluster6_r0_seed0.pdb,model_1_ptm,6,102,0.6958
32,0.922721937,0.034277398,mesoricin4_b6c6e/pdb/model_2_ptm_cluster6_r0_seed0.pdb,model_2_ptm,6,102,0.7604
33,0.920472763,0.033751193,mesoricin4_b6c6e/pdb/model_3_ptm_cluster6_r0_seed0.pdb,model_3_ptm,6,102,0.6365
34,0.923931703,0.034284696,mesoricin4_b6c6e/pdb/model_4_ptm_cluster6_r0_seed0.pdb,model_4_ptm,6,102,0.6805
35,0.915607855,0.034622978,mesoricin4_b6c6e/pdb/model_5_ptm_cluster6_r0_seed0.pdb,model_5_ptm,6,102,0.5898
36,0.870689645,0.031517163,mesoricin4_b6c6e/pdb/model_1_ptm_cluster7_r0_seed0.pdb,model_1_ptm,7,4,0.6775
37,0.889893331,0.033055265,mesoricin4_b6c6e/pdb/model_2_ptm_cluster7_r0_seed0.pdb,model_2_ptm,7,4,0.7477
38,0.896038629,0.033294432,mesoricin4_b6c6e/pdb/model_3_ptm_cluster7_r0_seed0.pdb,model_3_ptm,7,4,0.6898
39,0.908843882,0.032544181,mesoricin4_b6c6e/pdb/model_4_ptm_cluster7_r0_seed0.pdb,model_4_ptm,7,4,0.8751
40,0.886347987,0.032557305,mesoricin4_b6c6e/pdb/model_5_ptm_cluster7_r0_seed0.pdb,model_5_ptm,7,4,0.7652
41,0.874981999,0.031455178,mesoricin4_b6c6e/pdb/model_1_ptm_cluster8_r0_seed0.pdb,model_1_ptm,8,3,0.6857
42,0.894019581,0.032594301,mesoricin4_b6c6e/pdb/model_2_ptm_cluster8_r0_seed0.pdb,model_2_ptm,8,3,0.763
43,0.897241049,0.032365628,mesoricin4_b6c6e/pdb/model_3_ptm_cluster8_r0_seed0.pdb,model_3_ptm,8,3,0.6868
44,0.908708312,0.032937702,mesoricin4_b6c6e/pdb/model_4_ptm_cluster8_r0_seed0.pdb,model_4_ptm,8,3,0.7789
45,0.883637555,0.033104558,mesoricin4_b6c6e/pdb/model_5_ptm_cluster8_r0_seed0.pdb,model_5_ptm,8,3,0.7523
46,0.881142691,0.03181411,mesoricin4_b6c6e/pdb/model_1_ptm_cluster9_r0_seed0.pdb,model_1_ptm,9,4,0.6315
47,0.906503789,0.033200823,mesoricin4_b6c6e/pdb/model_2_ptm_cluster9_r0_seed0.pdb,model_2_ptm,9,4,0.8036
48,0.910090223,0.032601103,mesoricin4_b6c6e/pdb/model_3_ptm_cluster9_r0_seed0.pdb,model_3_ptm,9,4,0.6183
49,0.917928711,0.032560755,mesoricin4_b6c6e/pdb/model_4_ptm_cluster9_r0_seed0.pdb,model_4_ptm,9,4,0.7278
50,0.882354081,0.03216853,mesoricin4_b6c6e/pdb/model_5_ptm_cluster9_r0_seed0.pdb,model_5_ptm,9,4,0.6591
51,0.896147899,0.032965891,mesoricin4_b6c6e/pdb/model_1_ptm_cluster10_r0_seed0.pdb,model_1_ptm,10,4,0.7374
52,0.910147198,0.033591416,mesoricin4_b6c6e/pdb/model_2_ptm_cluster10_r0_seed0.pdb,model_2_ptm,10,4,0.8392
53,0.911988482,0.032998342,mesoricin4_b6c6e/pdb/model_3_ptm_cluster10_r0_seed0.pdb,model_3_ptm,10,4,0.6596
54,0.919561677,0.033350572,mesoricin4_b6c6e/pdb/model_4_ptm_cluster10_r0_seed0.pdb,model_4_ptm,10,4,0.8572
55,0.908928968,0.03297504,mesoricin4_b6c6e/pdb/model_5_ptm_cluster10_r0_seed0.pdb,model_5_ptm,10,4,0.8071
56,0.869822398,0.030958116,mesoricin4_b6c6e/pdb/model_1_ptm_cluster11_r0_seed0.pdb,model_1_ptm,11,11,0.7402
57,0.909590296,0.032595158,mesoricin4_b6c6e/pdb/model_2_ptm_cluster11_r0_seed0.pdb,model_2_ptm,11,11,0.8674
58,0.920339592,0.033747286,mesoricin4_b6c6e/pdb/model_3_ptm_cluster11_r0_seed0.pdb,model_3_ptm,11,11,0.6963
59,0.925274566,0.033414345,mesoricin4_b6c6e/pdb/model_4_ptm_cluster11_r0_seed0.pdb,model_4_ptm,11,11,0.7479
60,0.915018015,0.033688989,mesoricin4_b6c6e/pdb/model_5_ptm_cluster11_r0_seed0.pdb,model_5_ptm,11,11,0.7674
